ts,ts_delta,app,uniq_hosts,hits,bytes
1332014090.536628,900.000000,facebook,1,4,220468
1332014090.536628,900.000000,google,1,1,95878
1346273535.281854,900.000000,facebook,1,3,123887
1352853419.284531,900.000000,facebook,1,3,132851
1354999131.160072,900.000000,facebook,1,3,131650
1355275211.656911,900.000000,facebook,1,3,131702
1362856898.562908,900.000000,facebook,1,3,136784
1362856898.562908,900.000000,google,1,1,31672
1364163798.421857,900.000000,facebook,1,2,14592
1340426153.984402,900.000000,google,1,5,323915
1366761126.001728,900.000000,google,1,7,418161
1375136138.332637,900.000000,facebook,1,23,274647
1378940034.242955,900.000000,google,1,2,801
1378940034.242955,900.000000,facebook,1,4,198768
1385246315.395469,900.000000,google,1,2,1052
1356462917.219752,900.000000,google,1,1,304
1394825349.453627,900.000000,google,1,4,85895
1339838743.000768,900.000000,google,1,5,297718
1320693399.735558,900.000000,google,1,9,220214
1337207577.110884,900.000000,google,1,1,4136
1337207577.110884,900.000000,facebook,1,29,1135412
1337801033.906924,900.000000,facebook,1,27,1115032
1337801033.906924,900.000000,google,1,1,4133
1365329749.672503,900.000000,facebook,1,3,139273
1326656949.284774,900.000000,facebook,1,27,1079020
1376453799.844620,900.000000,facebook,1,4,279692
1376620489.650314,900.000000,facebook,1,4,196561
1376620489.650314,900.000000,google,1,1,12076
1376801160.875741,900.000000,facebook,1,4,196560
1363336773.031703,900.000000,google,1,6,232066
1361737812.007069,900.000000,facebook,1,9,198294
1363036852.207561,900.000000,facebook,1,9,197642
1364953268.298462,900.000000,facebook,1,9,204952
1349965160.284272,900.000000,google,1,6,229236
1384569712.339770,900.000000,google,1,4,2104
1344899894.114113,900.000000,google,1,11,363181
1355481339.991046,900.000000,google,1,19,410357
1326660669.995276,900.000000,facebook,1,4,220089
1354839680.925969,900.000000,facebook,1,1,43
1337158555.669284,900.000000,google,1,4,68367
1339851316.480327,900.000000,google,1,5,297694
1339407774.628300,900.000000,google,1,5,296744
1316379044.765905,900.000000,facebook,1,12,293828
1344801476.608976,900.000000,google,1,3,5334
1344801476.608976,900.000000,facebook,1,30,1585967
1394337113.434160,900.000000,facebook,1,1,23954
1394337113.434160,900.000000,google,1,3,73415
1327349496.704975,900.000000,facebook,1,5,248050
1338082777.360176,900.000000,facebook,1,6,224152
1339616908.344259,900.000000,google,1,5,296466
1368583857.782100,900.000000,facebook,1,14,188162
1369075209.717074,900.000000,facebook,1,15,189846
1395355460.385914,900.000000,facebook,1,3,193441
1395355460.385914,900.000000,google,1,2,1496
1339011817.094102,900.000000,google,1,1,24456
1338514568.309585,900.000000,google,1,5,277166
1342026191.552409,900.000000,google,1,1,91114
1360396022.672420,900.000000,google,1,7,262663
1356388263.438666,900.000000,google,1,4,11382
1339028487.459103,900.000000,google,1,1,4279
1330026027.949844,900.000000,google,1,8,81020
1320860895.520846,900.000000,facebook,1,4,210551
1342071692.983376,900.000000,google,1,1,1477
1341674993.425387,900.000000,google,1,1,24436
1344681966.109844,900.000000,facebook,1,5,75205
1339776103.549670,900.000000,google,1,4,27082169
1346419192.687907,900.000000,facebook,1,23,1293544
1347041393.781466,900.000000,google,1,1,23399
1349982785.174388,900.000000,google,1,12,383585
1355876166.890917,900.000000,google,1,6,384810
1356035598.192562,900.000000,facebook,1,2,8443
1356035598.192562,900.000000,google,1,6,384810
1391021630.451282,900.000000,google,1,2,1496
1320277628.782225,900.000000,google,1,10,234413
1317716416.525527,900.000000,google,1,4,62262
1345599097.219778,900.000000,facebook,1,26,1540198
1376071563.160803,900.000000,facebook,1,4,195896
1376071563.160803,900.000000,google,1,1,304
1376329637.470481,900.000000,facebook,1,4,195897
1376329637.470481,900.000000,google,1,1,304
1376507447.516555,900.000000,google,1,2,608
1376507447.516555,900.000000,facebook,1,4,278978
1376628204.609453,900.000000,facebook,1,3,42924
1376628204.609453,900.000000,google,1,1,304
1378803075.641383,900.000000,google,1,1,498
1380324108.899641,900.000000,facebook,1,1,26682
1380324108.899641,900.000000,google,1,1,623
1329258599.917388,900.000000,google,1,2,3418
1329258599.917388,900.000000,facebook,1,21,892515
1339229578.702412,900.000000,google,1,1,6747
1336335722.377189,900.000000,google,1,16,88050
1318576068.971993,900.000000,google,1,1,8448
1337754474.221177,900.000000,google,1,1,6709
1338069737.359075,900.000000,google,1,1,6709
1338443337.875385,900.000000,google,1,1,6709
1338624575.844465,900.000000,google,1,1,6747
1339251119.312961,900.000000,google,1,1,6747
1391130549.188578,900.000000,google,1,2,968
1312693177.454104,900.000000,google,1,1,18644
1345012517.776949,900.000000,google,1,1,304
1339348090.337248,900.000000,google,1,1,23678
1368818004.538992,900.000000,facebook,1,1,43
1344285799.985615,900.000000,google,1,1,4470
1368136519.731609,900.000000,facebook,1,2,86
1368136519.731609,900.000000,google,1,2,17449
1369088031.082714,900.000000,google,1,1,8991
1369600976.184112,900.000000,google,1,1,9019
1338505798.320314,900.000000,facebook,1,1,291
1394923461.384556,900.000000,google,1,2,82087
1323630703.241894,900.000000,google,1,1,18679
1313212194.142609,900.000000,google,1,1,19022
1394146043.990786,900.000000,google,1,2,1052
1337845706.250629,900.000000,google,1,7,316437
1337845706.250629,900.000000,facebook,1,5,223345
1338099011.673174,900.000000,google,1,6,300504
1338099011.673174,900.000000,facebook,1,1,27863
1338415238.683769,900.000000,facebook,1,4,222221
1338415238.683769,900.000000,google,1,6,352316
1356469957.915042,900.000000,google,1,1,304
1356469957.915042,900.000000,facebook,1,11,522993
1315851779.959446,900.000000,google,1,11,358449
1341642973.422893,900.000000,google,1,5,300178
1356236332.532293,900.000000,google,1,1,304
1339807696.666722,900.000000,google,1,5,297802
1342741866.879304,900.000000,facebook,1,1,259
1355863068.287651,900.000000,facebook,1,3,131126
1347251229.594600,900.000000,google,1,9,290177
1340021037.267892,900.000000,google,1,1,23843
1340610504.375349,900.000000,google,1,1,4684
1328168562.876822,900.000000,google,1,2,7478
1328168562.876822,900.000000,facebook,1,6,269399
1339670717.603612,900.000000,google,1,5,298322
1327582014.454990,900.000000,facebook,1,9,214808
1336446861.960203,900.000000,facebook,1,2,25610
1336446861.960203,900.000000,google,1,1,7704
1383425293.064449,900.000000,google,1,2,67431
1312009046.736207,900.000000,google,1,1,6416
1354485803.571817,900.000000,facebook,1,21,723781
1365191235.250284,900.000000,google,1,1,31761
1314492046.768896,900.000000,facebook,1,6,474906
1314492046.768896,900.000000,google,1,9,145571
1344120693.265841,900.000000,google,1,1,24418
1344120693.265841,900.000000,facebook,1,1,259
1316391053.917001,900.000000,google,1,1,6415
1344284588.056013,900.000000,facebook,1,40,1910984
1358454318.347339,900.000000,facebook,1,3,132040
1381952205.969235,900.000000,google,1,3,127512
1337860392.500726,900.000000,google,1,5,276191
1338111162.360049,900.000000,google,1,5,276215
1313512060.300030,900.000000,google,1,5,20934
1315289388.677667,900.000000,google,1,21,578825
1394826511.403681,900.000000,google,1,4,136800
1328124709.500841,900.000000,google,1,5,209633
1383771591.186224,900.000000,facebook,1,2,86
1347640980.812866,900.000000,google,1,29,762160
1336502684.765906,900.000000,google,1,1,24031
1346904686.172484,900.000000,google,1,1,304
1324852715.422776,900.000000,google,1,1,15533
1342472536.116400,900.000000,google,1,1,26285
1331665025.465071,900.000000,google,1,1,11337
1386788042.797414,900.000000,google,1,2,61011
1341439925.376827,900.000000,google,1,5,342556
1355432638.469135,900.000000,google,1,1,7147
1355356583.490004,900.000000,facebook,1,3,131046
1339617039.694903,900.000000,google,1,5,296466
1346842256.113460,900.000000,facebook,1,1,124800
1346842256.113460,900.000000,google,1,13,363850
1393700777.500632,900.000000,google,1,1,14434
1348201746.233741,900.000000,google,1,2,47732
1325882894.643647,900.000000,google,1,6,203258
1340577886.906650,900.000000,google,1,5,300081
1343808422.141136,900.000000,facebook,1,4,230901
1323053931.377563,900.000000,google,1,4,2584
1323053931.377563,900.000000,facebook,1,4,216413
1345134644.844235,900.000000,google,1,1,304
1391633949.563808,900.000000,facebook,1,1,188457
1391633949.563808,900.000000,google,1,1,33765
1339584181.344272,900.000000,facebook,1,7,257696
1319944203.665996,900.000000,google,1,1,3845
1358365208.762829,900.000000,facebook,1,1,4162
1358365208.762829,900.000000,google,1,8,209317
1342633194.873345,900.000000,google,1,5,296526
1340014233.204257,900.000000,google,1,1,23783
1315603048.753944,900.000000,google,1,1,6415
1390687307.083016,900.000000,google,1,1,748
1390687307.083016,900.000000,facebook,1,4,235334
1326573135.289891,900.000000,facebook,1,7,429513
1341345328.995111,900.000000,facebook,1,5,118624
1346530195.845530,900.000000,facebook,1,5,125331
1346530195.845530,900.000000,google,1,1,24418
1349228889.336359,900.000000,facebook,1,2,129275
1355688740.207076,900.000000,google,1,1,30749
1357679513.205069,900.000000,facebook,1,2,132531
1357679513.205069,900.000000,google,1,1,32295
1385146393.303796,900.000000,facebook,1,3,176211
1337556419.336944,900.000000,facebook,1,2,28973
1328825346.079508,900.000000,facebook,1,22,897254
1375495706.532949,900.000000,facebook,1,1,43
1375495706.532949,900.000000,google,1,7,512281
1325802462.269405,900.000000,google,1,3,7970
1325802462.269405,900.000000,facebook,1,12,757828
1313416729.690047,900.000000,facebook,1,24,339269
1337753066.376109,900.000000,google,1,5,299014
1357956119.597917,900.000000,google,1,2,608
1357956119.597917,900.000000,facebook,1,25,745562
1339890006.674140,900.000000,facebook,1,7,917744
1354683183.234925,900.000000,google,1,2,34955
1350216765.676085,900.000000,facebook,1,22,743353
1350216765.676085,900.000000,google,1,2,54534
1326539196.047251,900.000000,facebook,1,8,535729
1320637421.392295,900.000000,google,1,10,228126
1346463652.847757,900.000000,google,1,1,304
1344890026.065054,900.000000,google,1,1,304
1339442991.079456,900.000000,google,1,5,296490
1338559234.687960,900.000000,google,1,1,4687
1342026046.616356,900.000000,facebook,1,4,223205
1331039185.420237,900.000000,google,1,1,21989
1341733843.012617,900.000000,facebook,1,4,13988
1341733843.012617,900.000000,google,1,6,304399
1337568394.594055,900.000000,facebook,1,19,1109892
1349869550.169684,900.000000,google,1,1,2328
1391030852.315133,900.000000,google,1,4,2104
1391030852.315133,900.000000,facebook,1,3,205096
1339623795.563776,900.000000,facebook,1,12,212682
1337977804.031768,900.000000,facebook,1,32,1417251
1316631527.655172,900.000000,google,1,1,4607
1342525623.665057,900.000000,google,1,2,608
1342525623.665057,900.000000,facebook,1,33,1527034
1320462892.689754,900.000000,google,1,1,20421
1325217230.178062,900.000000,google,1,1,15376
1313416027.157509,900.000000,facebook,1,21,300178
1339448266.298019,900.000000,google,1,5,296720
1336190674.721891,900.000000,google,1,1,6645
1366410317.313106,900.000000,google,1,1,29203
1325715438.282644,900.000000,facebook,1,18,942898
1336603659.395282,900.000000,youtube,1,1,3410085
1312575725.822886,900.000000,google,1,12,400802
1312575725.822886,900.000000,facebook,1,20,349124
1377503746.563365,900.000000,google,1,2,13985
1377503746.563365,900.000000,facebook,1,2,15769
1378273604.492962,900.000000,google,1,1,498
1378273604.492962,900.000000,facebook,1,2,15810
1380244326.960494,900.000000,google,1,2,843
1380244326.960494,900.000000,facebook,1,3,172496
1380407411.715410,900.000000,google,1,2,884
1380407411.715410,900.000000,facebook,1,3,172496
1380579758.479975,900.000000,facebook,1,3,172496
1380579758.479975,900.000000,google,1,2,884
1380752741.200037,900.000000,facebook,1,3,173462
1380752741.200037,900.000000,google,1,2,884
1380864867.186959,900.000000,google,1,2,884
1380864867.186959,900.000000,facebook,1,3,56190
1386275729.313113,900.000000,facebook,1,3,182932
1386275729.313113,900.000000,google,1,1,748
1314444745.814921,900.000000,google,1,2,30436
1394652480.134715,900.000000,google,1,2,101676
1381075515.459188,900.000000,facebook,1,15,236478
1381075515.459188,900.000000,google,1,20,422197
1381364033.944411,900.000000,facebook,1,15,238841
1381364033.944411,900.000000,google,1,19,422438
1383966215.638592,900.000000,facebook,1,15,240949
1383966215.638592,900.000000,google,1,18,422104
1384109361.220203,900.000000,google,1,19,422440
1384109361.220203,900.000000,facebook,1,15,242596
1384209137.590695,900.000000,google,1,18,422212
1384209137.590695,900.000000,facebook,1,15,240640
1354502182.425363,900.000000,google,1,1,7124
1317609321.594088,900.000000,facebook,1,6,15080
1339061882.344665,900.000000,facebook,1,20,1321059
1341439184.877017,900.000000,google,1,1,304
1341439184.877017,900.000000,facebook,1,10,1060646
1341608723.173936,900.000000,facebook,1,35,1348624
1341608723.173936,900.000000,google,1,1,304
1348362954.031458,900.000000,google,1,2,608
1348362954.031458,900.000000,facebook,1,33,821776
1390085173.797415,900.000000,facebook,1,1,292
1357764592.715393,900.000000,google,1,6,230690
1394838232.098889,900.000000,google,1,1,748
1394921558.161187,900.000000,google,1,1,748
1394921558.161187,900.000000,facebook,1,1,24058
1395093970.798225,900.000000,facebook,1,1,24058
1395093970.798225,900.000000,google,1,1,748
1339873241.953787,900.000000,facebook,1,5,248687
1319224573.529606,900.000000,google,1,1,18148
1338709581.141085,900.000000,google,1,2,10574
1366507804.939915,900.000000,google,1,1,63577
1360734835.701081,900.000000,facebook,1,30,385103
1329597990.522137,900.000000,facebook,1,2,26146
1322936602.657521,900.000000,google,1,1,23277
1329640261.908514,900.000000,google,1,3,5894
1323204668.890972,900.000000,facebook,1,2,11999
1338412583.079789,900.000000,facebook,1,3,37128
1347486133.300668,900.000000,google,1,1,23276
1394908821.796025,900.000000,google,1,2,27002
1323334394.378583,900.000000,google,1,1,16070
1365276978.173452,900.000000,facebook,1,4,167828
1357687856.072533,900.000000,google,1,1,2754
1327602150.392627,900.000000,google,1,4,204948
1322013110.853880,900.000000,facebook,1,1,21531
1338145323.247585,900.000000,google,1,2,1520
1359928968.599110,900.000000,google,1,2,63378
1338690238.735317,900.000000,google,1,1,6747
1317932347.703606,900.000000,facebook,1,5,234576
1394737889.686584,900.000000,google,1,2,64305
1339904365.587565,900.000000,facebook,1,1,26061
1338643024.063288,900.000000,google,1,5,277301
1324693366.312754,900.000000,google,1,9,534596
1366252000.472014,900.000000,facebook,1,1,43
1366424237.904230,900.000000,facebook,1,1,43
1366600532.037278,900.000000,facebook,1,1,43
1366770122.924155,900.000000,facebook,1,1,43
1367030082.986894,900.000000,facebook,1,1,43
1348571338.590690,900.000000,facebook,1,26,803284
1365683211.922235,900.000000,facebook,1,16,380772
1336528678.066005,900.000000,google,1,1,24019
1382898717.328743,900.000000,google,1,1,665
1340739431.266350,900.000000,google,1,1,24521
1340501450.094237,900.000000,google,1,5,323903
1319286273.863847,900.000000,facebook,1,6,237249
1360203880.621733,900.000000,facebook,1,12,257950
1360203880.621733,900.000000,google,1,6,306443
1337117245.841223,900.000000,facebook,1,13,1114650
1319137351.174391,900.000000,facebook,1,1,58
1327713623.480108,900.000000,google,1,4,205964
1383596681.226924,900.000000,google,1,4,2020
1376917746.140965,900.000000,google,1,1,498
1331949874.267473,900.000000,google,1,10,363042
1384994587.855307,900.000000,google,1,2,968
1340456539.422397,900.000000,google,1,4,9065
1316271088.781542,900.000000,google,1,1,6415
1316271088.781542,900.000000,facebook,1,23,411846
1325012163.395322,900.000000,google,1,1,15392
1337866094.875548,900.000000,google,1,5,276203
1333749748.516447,900.000000,google,1,1,27364
1347274792.270037,900.000000,facebook,1,23,284360
1347274792.270037,900.000000,google,1,6,202444
1344933948.937694,900.000000,google,1,12,515279
1392670976.157215,900.000000,google,1,7,435835
1390076997.362188,900.000000,google,1,6,5549
1390076997.362188,900.000000,facebook,1,24,272903
1390163063.529050,900.000000,google,1,6,5549
1390163063.529050,900.000000,facebook,1,24,273105
1390422349.993911,900.000000,facebook,1,24,273843
1390422349.993911,900.000000,google,1,6,5549
1390681769.470699,900.000000,facebook,1,24,273564
1390681769.470699,900.000000,google,1,6,5549
1390768471.517273,900.000000,google,1,6,5549
1390768471.517273,900.000000,facebook,1,24,270995
1391801655.690257,900.000000,facebook,1,23,79004
1391801655.690257,900.000000,google,1,7,19985
1395017488.934935,900.000000,facebook,1,10,212932
1395017488.934935,900.000000,google,1,6,18855
1354089808.596941,900.000000,facebook,1,1,43
1371636422.938047,900.000000,facebook,1,14,209188
1321993361.437855,900.000000,google,1,1,23138
1338985713.141412,900.000000,google,1,1,6747
1338985713.141412,900.000000,facebook,1,12,216579
1364965066.312447,900.000000,facebook,1,3,77314
1327866559.470089,900.000000,facebook,1,41,555988
1337976057.858077,900.000000,facebook,1,21,311957
1354736283.067782,900.000000,google,1,8,83852
1374581328.188291,900.000000,facebook,1,1,26474
1360149965.517879,900.000000,google,1,7,338096
1356226972.782423,900.000000,facebook,1,7,187868
1326935934.101622,900.000000,google,1,1,10042
1316255462.112019,900.000000,google,1,1,6415
1326589994.660492,900.000000,facebook,1,4,221349
1326589994.660492,900.000000,google,1,13,366598
1370283727.096285,900.000000,google,1,1,45521
1332039616.292582,900.000000,google,1,2,3994
1319135992.756262,900.000000,facebook,1,1,58
1351460928.970438,900.000000,facebook,1,24,807775
1339286904.297446,900.000000,google,1,1,23654
1328559255.705819,900.000000,facebook,1,6,276954
1342701370.016159,900.000000,google,1,5,297092
1338510283.656523,900.000000,google,1,1,4684
1368912925.672939,900.000000,facebook,1,27,217402
1377136412.704447,900.000000,google,1,1,24500
1377136412.704447,900.000000,facebook,1,21,254125
1322418515.422994,900.000000,google,1,1,20997
1311768841.098602,900.000000,google,1,2,3009
1339034077.565735,900.000000,google,1,1,4279
1346830298.893072,900.000000,facebook,1,22,553418
1374533200.647139,900.000000,facebook,1,5,217354
1374533200.647139,900.000000,google,1,1,26298
1363131796.518224,900.000000,facebook,1,1,26288
1357368084.143667,900.000000,google,1,8,518331
1319357999.266657,900.000000,facebook,1,6,237254
1359608094.077598,900.000000,google,1,1,30250
1345237711.610152,900.000000,facebook,1,40,1817309
1337936060.876026,900.000000,google,1,6,311827
1349905935.991773,900.000000,google,1,1,6560
1349905935.991773,900.000000,facebook,1,1,25807
1349363892.485045,900.000000,youtube,1,1,6466901
1312613155.651240,900.000000,google,1,1,6378
1349775784.863178,900.000000,facebook,1,4,158085
1339682552.782576,900.000000,google,1,6,333994
1363461007.766004,900.000000,google,1,1,304
1382217359.375581,900.000000,google,1,2,890
1379290976.220785,900.000000,google,1,3,2717
1352406781.187739,900.000000,facebook,1,14,927697
1344364243.985437,900.000000,facebook,1,31,1739056
1344364243.985437,900.000000,google,1,2,608
1394910162.243394,900.000000,google,1,2,90726
1327212664.078872,900.000000,google,1,6,208805
1385665393.487740,900.000000,google,1,2,5241
1340032988.501354,900.000000,google,1,5,297730
1315632102.314127,900.000000,google,1,1,19283
1393547055.746719,900.000000,google,1,1,63
1393547055.746719,900.000000,facebook,1,23,279166
1357864991.064546,900.000000,google,1,6,230778
1334280499.358167,900.000000,google,1,14,363717
1356209202.275037,900.000000,google,1,1,31969
1331863535.188588,900.000000,facebook,1,4,220498
1375666181.550875,900.000000,google,1,1,75009
1329428996.660822,900.000000,facebook,1,6,287280
1329428996.660822,900.000000,google,1,12,366155
1338107321.265383,900.000000,facebook,1,4,66989
1338107321.265383,900.000000,google,1,1,4684
1329625854.802950,900.000000,google,1,2,11305
1357974166.996631,900.000000,facebook,1,2,204688
1364411304.363377,900.000000,google,1,2,5025
1327060720.726398,900.000000,google,1,3,25317
1348719132.111439,900.000000,google,1,3,912
1342718242.594152,900.000000,google,1,3,6212
1323560741.647032,900.000000,google,1,1,18679
1392844134.987747,900.000000,google,1,2,968
1388004709.362929,900.000000,google,1,8,184004
1322076650.192615,900.000000,google,1,11,527795
1340264571.596390,900.000000,google,1,5,298714
1316298889.941352,900.000000,google,1,1,6415
1337114037.984135,900.000000,facebook,1,1,1016
1344818839.259299,900.000000,facebook,1,34,1569242
1338678659.570305,900.000000,facebook,1,33,1156093
1344381194.984670,900.000000,google,1,1,304
1385590911.579014,900.000000,google,1,11,110148
1336276524.773849,900.000000,facebook,1,8,912597
1356137394.190448,900.000000,facebook,1,16,187245
1318594632.782662,900.000000,google,1,6,87232
1319265659.785524,900.000000,facebook,1,6,237248
1344837145.890787,900.000000,google,1,4,1216
1330145922.286103,900.000000,google,1,1,574
1326655799.291444,900.000000,facebook,1,2,11999
1340650475.976723,900.000000,facebook,1,3,38342
1326607227.296934,900.000000,google,1,1,8424
1343824801.375725,900.000000,facebook,1,4,74316
1336636341.468977,900.000000,google,1,1,23983
1329018661.294547,900.000000,google,1,5,207822
1326487415.599434,900.000000,facebook,1,4,220093
1337985308.594853,900.000000,google,1,5,276203
1344942925.175867,900.000000,facebook,1,19,1524073
1356479396.515049,900.000000,google,1,7,298185
1376613632.474320,900.000000,google,1,1,13506
1379315087.687376,900.000000,google,1,2,843
1361731724.328875,900.000000,facebook,1,1,43
1364169370.596628,900.000000,google,1,8,82629
1323521065.011056,900.000000,google,1,1,18909
1346460703.909386,900.000000,facebook,1,3,135616
1367993166.705182,900.000000,facebook,1,16,191783
1367993166.705182,900.000000,google,1,2,608
1375055892.453801,900.000000,google,1,7,512364
1375055892.453801,900.000000,facebook,1,5,289972
1313500087.437789,900.000000,google,1,1,19050
1365136825.969719,900.000000,google,1,4,44225
1313458220.281851,900.000000,google,1,5,133761
1340648173.344160,900.000000,google,1,1,23729
1364186719.205224,900.000000,google,1,1,304
1339880806.955068,900.000000,google,1,5,297730
1340582787.953451,900.000000,google,1,6,322145
1326999028.955103,900.000000,google,1,2,11788
1337933371.344371,900.000000,google,1,8,336555
1315335057.737449,900.000000,google,1,1,6415
1338117829.781521,900.000000,facebook,1,2,58782
1338117829.781521,900.000000,google,1,5,349605
1338166645.078392,900.000000,google,1,5,349605
1321205927.310076,900.000000,google,1,17,436676
1324870209.880039,900.000000,facebook,1,24,1011393
1331040556.030252,900.000000,facebook,1,4,221291
1354701330.439434,900.000000,facebook,1,2,15557
1346977715.076033,900.000000,google,1,1,304
1346977715.076033,900.000000,facebook,1,1,43
1316278731.704050,900.000000,google,1,1,6415
1328787171.687573,900.000000,google,1,2,4933
1384471119.580764,900.000000,google,1,2,1052
1315079811.422713,900.000000,facebook,1,3,202894
1348111735.469415,900.000000,facebook,1,3,136962
1348111735.469415,900.000000,google,1,1,304
1319049424.222216,900.000000,google,1,19,430846
1340935468.050397,900.000000,google,1,2,4069
1339949151.532311,900.000000,facebook,1,37,1173531
1356049886.113473,900.000000,google,1,1,304
1347977471.062678,900.000000,google,1,1,23918
1337947549.172502,900.000000,facebook,1,3,114712
1320921470.093625,900.000000,google,1,16,535486
1376376133.374174,900.000000,google,1,1,74980
1376594077.391145,900.000000,google,1,1,13506
1378515828.565157,900.000000,google,1,2,718
1379005153.328576,900.000000,google,1,2,801
1379139323.598356,900.000000,google,1,2,843
1394329253.877420,900.000000,facebook,1,1,23954
1347168588.515831,900.000000,google,1,1,23316
1352075992.734999,900.000000,facebook,1,1,26331
1352075992.734999,900.000000,google,1,3,9691
1333764233.022876,900.000000,google,1,2,11699
1341443426.963443,900.000000,facebook,1,6,227368
1320549111.217794,900.000000,google,1,2,1530
1354426656.564258,900.000000,facebook,1,1,19092
1370012154.250423,900.000000,google,1,1,45725
1330571392.166495,900.000000,facebook,1,34,986183
1345090550.407571,900.000000,google,1,1,304
1337725135.422538,900.000000,google,1,1,6709
1338111591.000607,900.000000,google,1,5,349617
1383088821.313386,900.000000,google,1,1,706
1325810466.706192,900.000000,facebook,1,13,436836
1315333267.586799,900.000000,google,1,1,6415
1337866381.110728,900.000000,google,1,5,276433
1348432227.265077,900.000000,facebook,1,29,813461
1353744104.522017,900.000000,facebook,1,31,1002525
1320398305.409302,900.000000,facebook,1,37,798870
1320398305.409302,900.000000,google,1,24,205464
1329016925.142079,900.000000,google,1,5,207810
1387237297.001218,900.000000,google,1,2,1052
1328305777.912955,900.000000,google,1,9,417119
1342939485.000412,900.000000,google,1,3,912
1392154194.143378,900.000000,google,1,3,4772
1341836234.742705,900.000000,google,1,4,1166
1342244291.455859,900.000000,google,1,5,361088
1388693477.109123,900.000000,google,1,1,36373
1353463136.192119,900.000000,google,1,1,2024
1353463136.192119,900.000000,facebook,1,1,26656
1349748616.832273,900.000000,google,1,4,7952
1349748616.832273,900.000000,facebook,1,5,270646
1338934435.877889,900.000000,google,1,5,276949
1389300476.571658,900.000000,google,1,1,748
1389300476.571658,900.000000,facebook,1,4,236671
1341049458.765975,900.000000,facebook,1,2,72978
1339279241.000489,900.000000,google,1,1,3788
1339804702.110448,900.000000,google,1,1,23759
1329157136.658165,900.000000,google,1,2,9228
1341396776.324805,900.000000,google,1,6,367043
1323063230.344313,900.000000,google,1,4,40672
1338096528.423853,900.000000,facebook,1,7,160264
1338096528.423853,900.000000,google,1,12,145489
1374619812.440758,900.000000,google,1,1,13535
1359745468.423563,900.000000,google,1,1,31691
1354054562.149839,900.000000,google,1,3,96424
1356291925.513509,900.000000,facebook,1,3,12713
1354078553.305178,900.000000,google,1,1,32200
1340846545.329064,900.000000,google,1,3,50280
1340251656.365297,900.000000,facebook,1,3,60001
1326349359.660278,900.000000,google,1,4,33804
1391898156.428226,900.000000,google,1,4,181000
1357676195.251661,900.000000,facebook,1,19,691193
1357676195.251661,900.000000,google,1,2,4536
1330655416.566853,900.000000,google,1,11,172322
1330655416.566853,900.000000,facebook,1,55,1079614
1369201896.948802,900.000000,google,1,1,9004
1340703799.610715,900.000000,google,1,5,299897
1376842620.877875,900.000000,facebook,1,4,196773
1376842620.877875,900.000000,google,1,1,498
1353034308.234689,900.000000,google,1,1,32281
1327042127.094213,900.000000,google,1,4,33596
1338942083.330010,900.000000,google,1,5,276973
1319048590.187648,900.000000,google,1,2,28359
1337944338.843933,900.000000,google,1,5,276191
1351516579.127158,900.000000,facebook,1,1,25807
1351516579.127158,900.000000,google,1,1,6972
1365112372.986999,900.000000,facebook,1,14,176343
1337931387.156510,900.000000,google,1,5,276215
1338446023.172216,900.000000,google,1,6,313561
1327621085.230657,900.000000,google,1,3,5894
1327621085.230657,900.000000,facebook,1,6,209662
1340802294.750368,900.000000,facebook,1,48,1601123
1364166268.659456,900.000000,google,1,3,912
1328654220.256903,900.000000,facebook,1,23,1129501
1331109814.101615,900.000000,google,1,1,25861
1339761949.328977,900.000000,google,1,5,297722
1331754296.592586,900.000000,facebook,1,4,220437
1349202961.691814,900.000000,facebook,1,3,125144
1349202961.691814,900.000000,google,1,1,6212
1340400188.907512,900.000000,facebook,1,5,253524
1311679947.110199,900.000000,google,1,1,18734
1311679947.110199,900.000000,facebook,1,23,347830
1337913071.872130,900.000000,google,1,6,311839
1339535576.815152,900.000000,facebook,1,27,1137670
1339535576.815152,900.000000,google,1,5,296472
1340523917.758492,900.000000,facebook,1,38,944447
1342026225.781820,900.000000,google,1,1,91090
1321218584.434149,900.000000,google,1,11,359078
1363845010.763532,900.000000,google,1,6,234428
1340944025.344241,900.000000,facebook,1,4,223186
1322843347.595269,900.000000,google,1,1,19033
1354388450.327611,900.000000,facebook,1,20,721282
1350659596.422418,900.000000,facebook,1,1,25807
